traits	lat	long
hDenV2/Colombia/MET-UR-207/2023/EPI_ISL_18363167/2023-05-01	2.8631702	-71.8978539
hDenV2/Colombia/MET-UR-237/2023/EPI_ISL_18363168/2023-05-03	2.8631702	-71.8978539
hDenV2/Colombia/un-UDEA-LET1268/2023/EPI_ISL_18474688/2023-02-07	-4.2081	-69.9432
hDenV2/Colombia/un-UDEA-LET1208/2022/EPI_ISL_18474689/2022-11-30	-4.2081	-69.9432
hDenV2/Colombia/un-UDEA-1145/2022/EPI_ISL_18474690/2022-10-28	4.59808	-74.076044
hDenV2/Colombia/un-UDEA-LET1260/2023/EPI_ISL_18474691/2023-02-01	-4.2081	-69.9432
hDenV2/Colombia/un-UDEA-1262/2023/EPI_ISL_18474692/2023-02-02	4.59808	-74.076044
hDenV2/Colombia/un-UDEA-1125/2022/EPI_ISL_18474693/2022-10-15	4.59808	-74.076044
hDenV2/Colombia/un-UDEA-1127/2022/EPI_ISL_18474694/2022-10-19	4.59808	-74.076044
hDenV2/Colombia/un-UDEA-LET1205/2022/EPI_ISL_18474695/2022-11-30	-4.2081	-69.9432
hDenV2/Colombia/un-UDEA-LET1232/2022/EPI_ISL_18474696/2022-12-15	-4.2081	-69.9432
hDenV2/Colombia/un-UDEA-LET1199/2022/EPI_ISL_18474697/2022-11-25	-4.2081	-69.9432
hDenV2/Colombia/un-UDEA-LET1259/2023/EPI_ISL_18474698/2023-02-01	-4.2081	-69.9432
hDenV2/Colombia/un-UDEA-LET1287/2023/EPI_ISL_18474699/2023-02-10	-4.2081	-69.9432
hDenV2/Colombia/un-UDEA-LET1270/2023/EPI_ISL_18474700/2023-02-08	-4.2081	-69.9432
hDenV2/Colombia/un-UDEA-LET1209/2022/EPI_ISL_18474701/2022-11-30	-4.2081	-69.9432
hDenV2/Colombia/un-UDEA-1160/2022/EPI_ISL_18474702/2022-11-04	4.59808	-74.076044
hDenV2/Colombia/un-UDEA-LET1269/2023/EPI_ISL_18474703/2023-02-08	-4.2081	-69.9432
hDenV2/Colombia/un-UDEA-LET1206/2022/EPI_ISL_18474704/2022-11-30	-4.2081	-69.9432
hDenV2/Colombia/un-UDEA-LET1202/2022/EPI_ISL_18474705/2022-11-26	-4.2081	-69.9432
hDenV2/Colombia/un-UDEA-LET1172/2022/EPI_ISL_18474706/2022-11-10	-4.2081	-69.9432
hDenV2/Colombia/un-UDEA-LET1225/2022/EPI_ISL_18474707/2022-12-13	-4.2081	-69.9432
hDenV2/Colombia/un-UDEA-LET1282/2023/EPI_ISL_18474708/2023-02-09	-4.2081	-69.9432
hDenV2/Colombia/un-UDEA-35H/2022/EPI_ISL_18474709/2022-05-18	4.59808	-74.076044
hDenV2/Colombia/un-UDEA-LET1266/2023/EPI_ISL_18474710/2023-02-03	-4.2081	-69.9432
hDenV2/Colombia/un-UDEA-1153/2022/EPI_ISL_18474711/2022-11-04	4.59808	-74.076044
hDenV2/Colombia/un-UDEA-1142/2022/EPI_ISL_18474712/2022-10-27	4.59808	-74.076044
hDenV2/Colombia/un-UDEA-1120/2022/EPI_ISL_18474713/2022-10-13	4.59808	-74.076044
hDenV2/Colombia/un-UDEA-1147/2022/EPI_ISL_18474714/2022-10-28	4.59808	-74.076044
hDenV2/Colombia/un-UDEA-1146/2022/EPI_ISL_18474715/2022-10-28	4.59808	-74.076044
hDenV2/Colombia/un-UDEA-LET1185/2022/EPI_ISL_18474716/2022-11-23	-4.2081	-69.9432
hDenV2/Colombia/un-UDEA-LET1251/2023/EPI_ISL_18474717/2023-01-06	-4.2081	-69.9432
hDenV2/Colombia/un-UDEA-LET1275/2023/EPI_ISL_18474718/2023-02-08	-4.2081	-69.9432
hDenV2/Colombia/un-UDEA-2395/2022/EPI_ISL_18474719/2022-12-09	4.59808	-74.076044
hDenV2/Colombia/un-UDEA-LET1235/2022/EPI_ISL_18474720/2022-12-17	-4.2081	-69.9432
hDenV2/Colombia/un-UDEA-LET1191/2022/EPI_ISL_18474721/2022-11-22	-4.2081	-69.9432
hDenV2/Colombia/un-UDEA-LET1170/2022/EPI_ISL_18474722/2022-11-09	-4.2081	-69.9432
hDenV2/Colombia/un-UDEA-LET1181/2022/EPI_ISL_18474723/2022-11-17	-4.2081	-69.9432
hDenV2/Colombia/un-UDEA-LET1193/2022/EPI_ISL_18474724/2022-11-21	-4.2081	-69.9432
hDenV2/Colombia/un-UDEA-1114/2022/EPI_ISL_18474725/2022-10-11	4.59808	-74.076044
hDenV2/Colombia/un-UDEA-LET1198/2022/EPI_ISL_18474726/2022-11-25	-4.2081	-69.9432
hDenV2/Colombia/un-UDEA-LET1184/2022/EPI_ISL_18474727/2022-11-21	-4.2081	-69.9432
hDenV2/Colombia/un-UDEA-LET1222/2022/EPI_ISL_18474728/2022-12-09	-4.2081	-69.9432
hDenV2/Colombia/un-UDEA-LET1286/2023/EPI_ISL_18474729/2023-02-09	-4.2081	-69.9432
hDenV2/Colombia/VAC-LSPVAC-2307182/2023/EPI_ISL_18566936/2023-08-27	3.3256006	-76.2370118
hDenV2/Colombia/VAC-LSPVAC-2306457/2023/EPI_ISL_18566937/2023-08-14	3.5308373	-76.2988048
hDenV2/Colombia/VAC-LSPVAC-2306464/2023/EPI_ISL_18566938/2023-08-13	3.4519238	-76.5328732
hDenV2/Colombia/VAC-LSPVAC-06459-VI/2023/EPI_ISL_18720084/2023-08-06	3.5308373	-76.2988048
hDenV2/Colombia/MET-NFDCN-CIMBIUR_207/2023/EPI_ISL_18917099/2023-05-01	4.11145945	-73.4967836258948
hDenV2/Colombia/MET-NFDCN-CIMBIUR_237/2023/EPI_ISL_18917100/2023-05-03	4.11145945	-73.4967836258948
hDenV2/Colombia/VAC-LSPVAC-2401688/2024/EPI_ISL_19216381/2024-01-23	3.6829185	-76.3071487
hDenV2/Colombia/VAC-LSPVAC-2402841/2024/EPI_ISL_19216388/2024-02-22	3.5308373	-76.2988048
hDenV2/Colombia/VAC-LSPVAC-2403819/2024/EPI_ISL_19216415/2024-03-09	4.53734105	-76.10447203568692
hDenV2/Colombia/VAC-LSPVAC-2403874/2024/EPI_ISL_19216416/2024-03-12	3.4519238	-76.5328732
hDenV2/Colombia/VAC-LSPVAC-2404066/2024/EPI_ISL_19216418/2024-03-13	3.7003997	-76.4428876
hDenV2/Colombia/VAC-LSPVAC-2404285/2024/EPI_ISL_19216419/2024-03-07	4.0856667	-76.1972779
hDenV2/Colombia/VAC-LSPVAC-2404315/2024/EPI_ISL_19216420/2024-03-07	3.5834664	-76.4952223
hDenV2/Colombia/VAC-LSPVAC-2404473/2024/EPI_ISL_19216421/2024-03-19	3.9000578	-76.302013
hDenV2/Colombia/VAC-LSPVAC-2404621/2024/EPI_ISL_19216423/2024-03-03	3.4519238	-76.5328732
hDenV2/Colombia/VAC-LSPVAC-2404626/2024/EPI_ISL_19216424/2024-03-04	3.4519238	-76.5328732
hDenV2/Colombia/VAC-LSPVAC-2404756/2024/EPI_ISL_19216425/2024-03-25	3.4519238	-76.5328732
hDenV2/Colombia/VAC-LSPVAC-2404782/2024/EPI_ISL_19216426/2024-03-09	4.0856667	-76.1972779
hDenV2/Colombia/VAC-LSPVAC-2404785/2024/EPI_ISL_19216427/2024-03-28	4.0856667	-76.1972779
hDenV2/Colombia/VAC-LSPVAC-2405027/2024/EPI_ISL_19216428/2024-03-24	3.9000578	-76.302013
hDenV2/Colombia/VAC-LSPVAC-2405047/2024/EPI_ISL_19216429/2024-03-23	3.6829185	-76.3071487
hDenV2/Colombia/VAC-LSPVAC-2405056/2024/EPI_ISL_19216430/2024-03-25	3.6829185	-76.3071487
hDenV2/Colombia/VAC-LSPVAC-2405317/2024/EPI_ISL_19216432/2024-03-21	4.7621884	-76.2207611
hDenV2/Colombia/VAC-LSPVAC-2405372/2024/EPI_ISL_19216433/2024-04-01	3.5308373	-76.2988048
hDenV2/Colombia/VAC-LSPVAC-2405472/2024/EPI_ISL_19216434/2024-04-03	3.7630235	-76.3344854
hDenV2/Colombia/VAC-LSPVAC-2405501/2024/EPI_ISL_19216435/2024-03-13	3.4519238	-76.5328732
hDenV2/Colombia/VAC-LSPVAC-2405502/2024/EPI_ISL_19216436/2024-03-16	3.4519238	-76.5328732
hDenV2/Colombia/VAC-LSPVAC-2405522/2024/EPI_ISL_19216438/2024-04-11	3.5834664	-76.4952223
hDenV2/Colombia/VAC-LSPVAC-2405530/2024/EPI_ISL_19216439/2024-04-03	3.4519238	-76.5328732
hDenV2/Colombia/VAC-LSPVAC-2405555/2024/EPI_ISL_19216440/2024-04-11	3.5308373	-76.2988048
hDenV2/Colombia/VAC-LSPVAC-2405563/2024/EPI_ISL_19216442/2024-04-10	3.4519238	-76.5328732
hDenV2/Colombia/VAC-LSPVAC-2405579/2024/EPI_ISL_19216444/2024-04-12	3.4519238	-76.5328732
hDenV2/Colombia/VAC-LSPVAC-2405594/2024/EPI_ISL_19216445/2024-03-25	3.4519238	-76.5328732
hDenV2/Colombia/VAC-LSPVAC-2405638/2024/EPI_ISL_19216446/2024-04-12	3.4519238	-76.5328732
hDenV2/Colombia/VAC-LSPVAC-2405773/2024/EPI_ISL_19216447/2024-04-22	3.4519238	-76.5328732
hDenV2/Colombia/un-Yale-DN02565/2024/EPI_ISL_19257592/2024-02-24	3.4519238	-76.5328732
hDenV2/Colombia/un-Yale-DN02538/2024/EPI_ISL_19257595/2024-02-09	3.4519238	-76.5328732
hDenV2/Colombia/un-Yale-DN02588/2024/EPI_ISL_19257596/2024-03-06	3.4519238	-76.5328732
hDenV2/Colombia/un-Yale-DN02372/2023/EPI_ISL_19257598/2023-09-08	3.5308373	-76.2988048
hDenV2/Colombia/un-Yale-DN02543/2024/EPI_ISL_19257601/2024-02-09	3.4519238	-76.5328732
hDenV2/Colombia/un-Yale-DN02547/2024/EPI_ISL_19257604/2024-02-15	3.4519238	-76.5328732
hDenV2/Colombia/un-Yale-DN02370/2023/EPI_ISL_19257605/2023-09-03	3.4519238	-76.5328732
hDenV2/Colombia/un-Yale-DN02485/2024/EPI_ISL_19257606/2024-01-09	3.4519238	-76.5328732
hDenV2/Colombia/un-Yale-DN02542/2024/EPI_ISL_19257607/2024-02-12	3.4519238	-76.5328732
hDenV2/Colombia/un-Yale-DN02567/2024/EPI_ISL_19257609/2024-02-25	3.7237049	-76.2687988
hDenV2/Colombia/un-Yale-DN02428/2023/EPI_ISL_19257610/2023-11-12	3.4519238	-76.5328732
hDenV2/Colombia/un-Yale-DN02574/2024/EPI_ISL_19257612/2024-03-01	4.0856667	-76.1972779
hDenV2/Colombia/un-Yale-DN02572/2024/EPI_ISL_19257620/2024-03-01	3.4519238	-76.5328732
hDenV2/Colombia/un-Yale-DN02434/2023/EPI_ISL_19257621/2023-11-20	3.2618357	-76.5407975
hDenV2/Colombia/un-Yale-DN02432/2023/EPI_ISL_19257623/2023-11-17	3.5308373	-76.2988048
hDenV2/Colombia/un-Yale-DN02473/2023/EPI_ISL_19257627/2023-12-28	7.79845155	-76.74603894250129
