strain,insertion: 1bp @ ref pos 5080,insertion: 1bp @ ref pos 8678,insertion: 2bp @ ref pos 10389,insertion: 1bp @ ref pos 10443,insertion: 1bp @ ref pos 10523,insertion: 1bp @ ref pos 10599
EPI_ISL_18720109,A,,,,,
EPI_ISL_18566935,,A,A,,,
EPI_ISL_19216441,,,A,,,
EPI_ISL_18720080,,,A,,,
EPI_ISL_12665303,,,A,,,
EPI_ISL_12665304,,,A,,,
EPI_ISL_12665305,,,A,,,
EPI_ISL_17783315,,,A,,,
EPI_ISL_17783306,,,A,,,
EPI_ISL_17783318,,,A,,,
EPI_ISL_19216414,,,A,,,
EPI_ISL_19216422,,,A,,,
EPI_ISL_18720086,,,A,,,
EPI_ISL_19216417,,,A,,,
EPI_ISL_18720103,,,A,,,
EPI_ISL_19216443,,,A,,,
EPI_ISL_19216431,,,A,,,
EPI_ISL_19216437,,,A,,,
EPI_ISL_17783319,,,A,,,
EPI_ISL_19257593,,,C,,,
EPI_ISL_19257594,,,C,,,
EPI_ISL_19257600,,,C,,,
EPI_ISL_19257603,,,C,,,
EPI_ISL_19257629,,,C,,,
EPI_ISL_19257622,,,C,,,
EPI_ISL_19257624,,,C,,,
EPI_ISL_19257597,,,C,,,
EPI_ISL_19257608,,,C,,,
EPI_ISL_19257599,,,C,,,
EPI_ISL_19257615,,,C,,,
EPI_ISL_19257616,,,C,,,
EPI_ISL_19257618,,,C,,,
EPI_ISL_19257602,,,C,,,
EPI_ISL_19257611,,,C,,,
EPI_ISL_19257628,,,C,,,
EPI_ISL_19257614,,,C,,,
EPI_ISL_19257625,,,C,,,
EPI_ISL_17783308,,,AA,,,
EPI_ISL_17783309,,,AA,,,
EPI_ISL_17783307,,,AA,,,
EPI_ISL_17783313,,,AA,,,
EPI_ISL_17783304,,,AA,,,
EPI_ISL_17783311,,,AA,,,
EPI_ISL_17783326,,,AA,,,
EPI_ISL_17783305,,,AA,,,
EPI_ISL_17783322,,,AA,,,
EPI_ISL_17783317,,,AA,,,
EPI_ISL_17783314,,,AA,,,
EPI_ISL_17783330,,,AA,,,
EPI_ISL_17783331,,,AA,,,
EPI_ISL_17783327,,,AA,,,
EPI_ISL_17783316,,,AA,,,
EPI_ISL_17783312,,,AA,,,
EPI_ISL_19257613,,,M,,,
EPI_ISL_18474713,,,,A,,
EPI_ISL_18474709,,,,,,C
