virus_name	accession_id	collection_date
hDenV2/Colombia/un-Yale-DH158/2006	EPI_ISL_18081096	2006-01-01
hDenV2/Colombia/un-Yale-DN02565/2024	EPI_ISL_19257592	2024-02-24
hDenV2/Colombia/un-Yale-DN02326/2023	EPI_ISL_19257593	2023-07-14
hDenV2/Colombia/un-Yale-DN02516/2024	EPI_ISL_19257594	2024-01-27
hDenV2/Colombia/un-Yale-DN02538/2024	EPI_ISL_19257595	2024-02-09
hDenV2/Colombia/un-Yale-DN02588/2024	EPI_ISL_19257596	2024-03-06
hDenV2/Colombia/un-Yale-DN02366/2023	EPI_ISL_19257597	2023-08-31
hDenV2/Colombia/un-Yale-DN02372/2023	EPI_ISL_19257598	2023-09-08
hDenV2/Colombia/un-Yale-DN02417/2023	EPI_ISL_19257599	2023-10-24
hDenV2/Colombia/un-Yale-DN02338/2023	EPI_ISL_19257600	2023-07-29
hDenV2/Colombia/un-Yale-DN02543/2024	EPI_ISL_19257601	2024-02-09
hDenV2/Colombia/un-Yale-DN02566/2024	EPI_ISL_19257602	2024-02-23
hDenV2/Colombia/un-Yale-DN02466/2023	EPI_ISL_19257603	2023-12-19
hDenV2/Colombia/un-Yale-DN02547/2024	EPI_ISL_19257604	2024-02-15
hDenV2/Colombia/un-Yale-DN02370/2023	EPI_ISL_19257605	2023-09-03
hDenV2/Colombia/un-Yale-DN02485/2024	EPI_ISL_19257606	2024-01-09
hDenV2/Colombia/un-Yale-DN02542/2024	EPI_ISL_19257607	2024-02-12
hDenV2/Colombia/un-Yale-DN02431/2023	EPI_ISL_19257608	2023-11-16
hDenV2/Colombia/un-Yale-DN02567/2024	EPI_ISL_19257609	2024-02-25
hDenV2/Colombia/un-Yale-DN02428/2023	EPI_ISL_19257610	2023-11-12
hDenV2/Colombia/un-Yale-DN02444/2023	EPI_ISL_19257611	2023-11-25
hDenV2/Colombia/un-Yale-DN02574/2024	EPI_ISL_19257612	2024-03-01
hDenV2/Colombia/un-Yale-DN02356/2023	EPI_ISL_19257613	2023-08-18
hDenV2/Colombia/un-Yale-DN02525/2024	EPI_ISL_19257614	2024-01-25
hDenV2/Colombia/un-Yale-DN02409/2023	EPI_ISL_19257615	2023-10-13
hDenV2/Colombia/un-Yale-DN02410/2023	EPI_ISL_19257616	2023-10-19
hDenV2/Colombia/un-Yale-DN02568/2024	EPI_ISL_19257617	2024-02-29
hDenV2/Colombia/un-Yale-DN02554/2024	EPI_ISL_19257618	2024-02-19
hDenV2/Colombia/un-Yale-DN02413/2023	EPI_ISL_19257619	2023-10-23
hDenV2/Colombia/un-Yale-DN02572/2024	EPI_ISL_19257620	2024-03-01
hDenV2/Colombia/un-Yale-DN02434/2023	EPI_ISL_19257621	2023-11-20
hDenV2/Colombia/un-Yale-DN02519/2024	EPI_ISL_19257622	2024-01-30
hDenV2/Colombia/un-Yale-DN02432/2023	EPI_ISL_19257623	2023-11-17
hDenV2/Colombia/un-Yale-DN02534/2024	EPI_ISL_19257624	2024-02-06
hDenV2/Colombia/un-Yale-DN02494/2024	EPI_ISL_19257625	2024-01-13
hDenV2/Colombia/un-Yale-DN02473/2023	EPI_ISL_19257627	2023-12-28
hDenV2/Colombia/un-Yale-DN02520/2024	EPI_ISL_19257628	2024-01-31
hDenV2/Colombia/un-Yale-DN02524/2024	EPI_ISL_19257629	2024-01-30
